<?xml version="1.0"?>
<!DOCTYPE hibernate-mapping PUBLIC
	"-//Hibernate/Hibernate Mapping DTD//EN"
	"http://hibernate.sourceforge.net/hibernate-mapping-3.0.dtd" >

<hibernate-mapping package="com.demo.model">
	<class name="User" table="tbl_user">
		<id name="userId" type="java.lang.Integer" column="userId">
			<generator class="identity" />
		</id>
		<property name="name" column="name" type="string" not-null="true"
			length="200" />
		<property name="password" column="password" type="string" not-null="true"
			length="200" />
		<property name="sex" column="sex" type="java.lang.Short"
			not-null="true" length="5" />
		<property name="age" column="age" type="java.lang.Integer"
			not-null="false" length="8" />
	</class>
</hibernate-mapping>