<?xml version="1.0" encoding="UTF-8"?>
<beans xmlns="http://www.springframework.org/schema/beans"
	xmlns:xsi="http://www.w3.org/2001/XMLSchema-instance" xmlns:p="http://www.springframework.org/schema/p"
	xmlns:context="http://www.springframework.org/schema/context"
	xmlns:aop="http://www.springframework.org/schema/aop" xmlns:tx="http://www.springframework.org/schema/tx"
	xmlns:dwr="http://www.directwebremoting.org/schema/spring-dwr"
	xsi:schemaLocation="http://www.springframework.org/schema/beans   
    http://www.springframework.org/schema/beans/spring-beans-3.2.xsd  
    http://www.springframework.org/schema/context   
    http://www.springframework.org/schema/context/spring-context-3.2.xsd  
    http://www.springframework.org/schema/aop  
    http://www.springframework.org/schema/aop/spring-aop-3.2.xsd  
    http://www.springframework.org/schema/tx  
    http://www.springframework.org/schema/tx/spring-tx-3.2.xsd">

	<!-- 引入配置文件 -->
	<bean
		class="org.springframework.beans.factory.config.PropertyPlaceholderConfigurer">
		<property name="locations">
			<list>
				<value>classpath:jdbc.properties</value>
			</list>
		</property>
	</bean>

	<!-- 配置数据源 -->
	<bean id="dataSourceMySql" class="com.mchange.v2.c3p0.ComboPooledDataSource"
		destroy-method="close">
		<property name="driverClass">
			<value>${c3p0.driverClass}</value>
		</property>
		<property name="jdbcUrl">
			<value>${c3p0.jdbcUrl}</value>
		</property>
		<property name="user">
			<value>${c3p0.user}</value>
		</property>
		<property name="password">
			<value>${c3p0.password}</value>
		</property>
		<property name="maxPoolSize">
			<value>${c3p0.maxPoolSize}</value>
		</property>
		<property name="minPoolSize">
			<value>${c3p0.minPoolSize}</value>
		</property>
		<property name="initialPoolSize">
			<value>${c3p0.initialPoolSize}</value>
		</property>
		<property name="maxIdleTime">
			<value>${c3p0.maxIdleTime}</value>
		</property>
	</bean>

	<!-- 会话配置  -->
	<bean id="sessionFactory"
		class="org.springframework.orm.hibernate4.LocalSessionFactoryBean">
		<property name="dataSource">
			<ref bean="dataSourceMySql" />
		</property>
		<property name="mappingDirectoryLocations">
			<list>
				<value>WEB-INF/hbm</value>
			</list>
		</property>
		<property name="hibernateProperties">
			<props>
				<prop key="hibernate.dialect">org.hibernate.dialect.MySQL5Dialect</prop>
				<prop key="hibernate.show_sql">true</prop>
				<prop key="hibernate.dynamic-insert">true</prop>
				<prop key="hibernate.dynamic-update">true</prop>
				<prop key="hibernate.temp.use_jdbc_metadata_defaults">false</prop>
			</props>
		</property>
	</bean>

	<!-- TransactionManager -->
	<bean id="transactionManager"
		class="org.springframework.orm.hibernate4.HibernateTransactionManager">
		<property name="sessionFactory">
			<ref bean="sessionFactory" />
		</property>
	</bean>

	<tx:advice id="txAdvice" transaction-manager="transactionManager">
		<tx:attributes>
			<tx:method name="save*" propagation="REQUIRED" />
			<tx:method name="add*" propagation="REQUIRED" />
			<tx:method name="create*" propagation="REQUIRED" />
			<tx:method name="insert*" propagation="REQUIRED" />
			<tx:method name="update*" propagation="REQUIRED" />
			<tx:method name="merge*" propagation="REQUIRED" />
			<tx:method name="del*" propagation="REQUIRED" />
			<tx:method name="remove*" propagation="REQUIRED" />
			<tx:method name="put*" propagation="REQUIRED" />
			<tx:method name="use*" propagation="REQUIRED" />

			<!--hibernate4必须配置为开启事务 否则 getCurrentSession()获取不到 -->
			<tx:method name="get*" propagation="REQUIRED" read-only="true" />
			<tx:method name="count*" propagation="REQUIRED" read-only="true" />
			<tx:method name="find*" propagation="REQUIRED" read-only="true" />
			<tx:method name="list*" propagation="REQUIRED" read-only="true" />

			<tx:method name="*" read-only="true" />
		</tx:attributes>
	</tx:advice>
	<aop:config expose-proxy="true">
		<!-- 只对业务逻辑层实施事务 -->
		<aop:pointcut id="txPointcut" expression="execution(* com.demo.service.*.*(..))" />
		<aop:advisor advice-ref="txAdvice" pointcut-ref="txPointcut" />
	</aop:config>
</beans>