<?xml version="1.0" encoding="UTF-8"?>
<beans xmlns="http://www.springframework.org/schema/beans"
	xmlns:xsi="http://www.w3.org/2001/XMLSchema-instance" xmlns:p="http://www.springframework.org/schema/p"
	xmlns:context="http://www.springframework.org/schema/context"
	xmlns:aop="http://www.springframework.org/schema/aop" xmlns:tx="http://www.springframework.org/schema/tx"
	xmlns:dwr="http://www.directwebremoting.org/schema/spring-dwr"
	xsi:schemaLocation="http://www.springframework.org/schema/beans   
    http://www.springframework.org/schema/beans/spring-beans-3.2.xsd  
    http://www.springframework.org/schema/context   
    http://www.springframework.org/schema/context/spring-context-3.2.xsd  
    http://www.springframework.org/schema/aop  
    http://www.springframework.org/schema/aop/spring-aop-3.2.xsd  
    http://www.springframework.org/schema/tx  
    http://www.springframework.org/schema/tx/spring-tx-3.2.xsd">

	<!-- Daos -->
	<bean id="userDao" class="com.demo.dao.UserDao">
		<property name="sessionFactory">
			<ref bean="sessionFactory" />
		</property>
	</bean>

	<!-- Services -->
	<bean id="userService" class="com.demo.service.UserService">
		<property name="userDao">
			<ref bean="userDao" />
		</property>
	</bean>

	<!-- Actions -->
	<bean id="UserAction" class="com.demo.action.UserAction">
		<property name="userService">
			<ref bean="userService" />
		</property>
	</bean>
</beans>