<?xml version="1.0" encoding="UTF-8" ?>
<!DOCTYPE struts PUBLIC
	"-//Apache Software Foundation//DTD Struts Configuration 2.3//EN"
	"http://struts.apache.org/dtds/struts-2.3.dtd">

<struts>
	<constant name="struts.action.extension" value="do" />

	<package name="default" extends="struts-default">
		<action name="*_*" class="{1}Action" method="{2}">
			<result name="ok">loginOk.jsp</result>
			<result name="error">loginError.jsp</result>
			<result name="input">login.jsp</result>
		</action>
	</package>
</struts>